{"cameraMode":{"drawMode":0,"name":"Shaded","section":"Shading Mode"},"sceneLighting":true,"audioPlay":false,"sceneViewState":{"m_AlwaysRefresh":false,"showFog":true,"showSkybox":true,"showFlares":true,"showImageEffects":true,"showParticleSystems":true,"showVisualEffectGraphs":true,"m_FxEnabled":true},"in2DMode":false,"pivot":{"x":-2.080150604248047,"y":1.7235565185546876,"z":0.24068987369537354},"rotation":{"x":0.20084945857524873,"y":0.10440786927938461,"z":-0.021560953930020334,"w":0.9738253355026245},"size":0.8660253882408142,"orthographic":false}