{"cameraMode":{"drawMode":0,"name":"Shaded","section":"Shading Mode"},"sceneLighting":true,"audioPlay":false,"sceneViewState":{"m_AlwaysRefresh":false,"showFog":true,"showSkybox":true,"showFlares":true,"showImageEffects":true,"showParticleSystems":true,"showVisualEffectGraphs":true,"m_FxEnabled":true},"in2DMode":false,"pivot":{"x":-138.65879821777345,"y":1380.649658203125,"z":320.5217590332031},"rotation":{"x":0.20940832793712617,"y":0.47987493872642519,"z":-0.11912371218204498,"w":0.8436322212219238},"size":0.014832930639386177,"orthographic":false}