{"cameraMode":{"drawMode":0,"name":"Shaded","section":"Shading Mode"},"sceneLighting":true,"audioPlay":false,"sceneViewState":{"m_AlwaysRefresh":false,"showFog":true,"showSkybox":true,"showFlares":true,"showImageEffects":true,"showParticleSystems":true,"showVisualEffectGraphs":true,"m_FxEnabled":true},"in2DMode":false,"pivot":{"x":-8.066512107849121,"y":5.9701642990112309,"z":18.676761627197267},"rotation":{"x":0.029975032433867456,"y":-0.14818547666072846,"z":0.0044893743470311169,"w":0.9885371923446655},"size":5.596119403839111,"orthographic":false}