{"cameraMode":{"drawMode":0,"name":"Shaded","section":"Shading Mode"},"sceneLighting":true,"audioPlay":false,"sceneViewState":{"m_AlwaysRefresh":false,"showFog":true,"showSkybox":true,"showFlares":true,"showImageEffects":true,"showParticleSystems":true,"showVisualEffectGraphs":true,"m_FxEnabled":true},"in2DMode":false,"pivot":{"x":-120.43801879882813,"y":1373.861572265625,"z":308.5530700683594},"rotation":{"x":0.1378924697637558,"y":0.7611332535743713,"z":-0.17204593122005464,"w":0.6099985837936401},"size":0.01661773957312107,"orthographic":false}