{"cameraMode":{"drawMode":0,"name":"Shaded","section":"Shading Mode"},"sceneLighting":true,"audioPlay":false,"sceneViewState":{"m_AlwaysRefresh":false,"showFog":true,"showSkybox":true,"showFlares":true,"showImageEffects":true,"showParticleSystems":true,"showVisualEffectGraphs":true,"m_FxEnabled":true},"in2DMode":false,"pivot":{"x":-160.25955200195313,"y":1370.0472412109375,"z":325.6174011230469},"rotation":{"x":0.07899550348520279,"y":0.4530758559703827,"z":-0.04034014791250229,"w":0.8870935440063477},"size":4.664767742156982,"orthographic":false}