{"cameraMode":{"drawMode":0,"name":"Shaded","section":"Shading Mode"},"sceneLighting":false,"audioPlay":false,"sceneViewState":{"m_AlwaysRefresh":false,"showFog":true,"showSkybox":false,"showFlares":true,"showImageEffects":true,"showParticleSystems":true,"showVisualEffectGraphs":true,"m_FxEnabled":true},"in2DMode":false,"pivot":{"x":0.38838720321655276,"y":0.12997248768806458,"z":0.2821223735809326},"rotation":{"x":-0.056205540895462039,"y":-0.6526134610176086,"z":0.04864247143268585,"w":-0.754060685634613},"size":2.032769203186035,"orthographic":false}